{
  "timestamp": "2026-04-30 12:12:16",
  "num_alerts": 5000,
  "num_anomalies": 2590,
  "pipeline_full": {
    "precision": {
      "mean": 0.5488787922266328,
      "std": 0.017788865506349213
    },
    "recall": {
      "mean": 0.06846846846846848,
      "std": 0.019436702320363305
    },
    "f1": {
      "mean": 0.12093830673338686,
      "std": 0.03158785958066748
    },
    "accuracy": {
      "mean": 0.48880000000000007,
      "std": 0.0033941125496954466
    },
    "auc_pr": {
      "mean": 0.3529528218857596,
      "std": 0.2496144866211854
    }
  },
  "pipeline_full_latency_ms": {
    "mean": 4.143006793331794,
    "p95": 7.619894999697861
  },
  "pipeline_no_gnn": {
    "precision": {
      "mean": 0.2504273504273504,
      "std": 0.09585613931725867
    },
    "recall": {
      "mean": 0.0015444015444015444,
      "std": 0.0003152496451458402
    },
    "f1": {
      "mean": 0.003069156229199388,
      "std": 0.0006291609689660756
    },
    "accuracy": {
      "mean": 0.4802,
      "std": 0.000848528137423842
    },
    "auc_pr": {
      "mean": 0.33914572446154145,
      "std": 0.2400174452328318
    }
  },
  "baselines": {
    "Isolation Forest": {
      "precision": 0.35,
      "recall": 0.06756756756756757,
      "f1": 0.11326860841423948,
      "latency_ms": 0.07423565999997664
    },
    "LOF": {
      "precision": 0.516,
      "recall": 0.09961389961389962,
      "f1": 0.1669902912621359,
      "latency_ms": 0.5178968399999576
    },
    "One-Class SVM": {
      "precision": 0.49504950495049505,
      "recall": 0.09771986970684039,
      "f1": 0.1632208922742111,
      "latency_ms": 0.05816386666659431
    },
    "ZTF Rule-based": {
      "precision": 0.5793650793650794,
      "recall": 0.028185328185328186,
      "f1": 0.05375552282768778,
      "latency_ms": 0.002272879999873112
    }
  }
}