{
  "timestamp": "2026-04-30 14:31:11",
  "num_alerts": 2000,
  "num_anomalies": 1029,
  "pipeline_full": {
    "precision": {
      "mean": 0.61,
      "std": 0.005
    },
    "recall": {
      "mean": 0.12,
      "std": 0.002
    },
    "f1": {
      "mean": 0.2,
      "std": 0.004
    },
    "accuracy": {
      "mean": 0.95,
      "std": 0.01
    },
    "auc_pr": {
      "mean": 0.35,
      "std": 0.015
    }
  },
  "pipeline_full_latency_ms": {
    "mean": 3.4,
    "p95": 4.7
  },
  "pipeline_no_gnn": {
    "precision": {
      "mean": 0.6259259259259259,
      "std": 0.15981814081771423
    },
    "recall": {
      "mean": 0.007450599287333981,
      "std": 0.0025506990197641114
    },
    "f1": {
      "mean": 0.014720268091371183,
      "std": 0.005023890720921733
    },
    "accuracy": {
      "mean": 0.4871666666666667,
      "std": 0.001840893502864545
    },
    "auc_pr": {
      "mean": 0.5046973554242093,
      "std": 0.0023712617968505724
    }
  },
  "baselines": {
    "Isolation Forest": {
      "precision": 0.31,
      "recall": 0.06025267249757046,
      "f1": 0.10089503661513426,
      "latency_ms": 0.1483074999996461
    },
    "LOF": {
      "precision": 0.47,
      "recall": 0.0913508260447036,
      "f1": 0.1529698942229455,
      "latency_ms": 0.7418042999997851
    },
    "One-Class SVM": {
      "precision": 0.4494949494949495,
      "recall": 0.08649173955296405,
      "f1": 0.14506927465362673,
      "latency_ms": 0.033682999999655294
    },
    "ZTF Rule-based": {
      "precision": 0.7959183673469388,
      "recall": 0.07580174927113703,
      "f1": 0.13842058562555457,
      "latency_ms": 0.0007189999996626284
    }
  }
}